dataset,n,uniform,anti_flattening,calibrated_commitment,cc_vs_anti
OSPsychMACH,40,-7.2,-34.2,-55.0,-20.8
MoralMachine,246,-2.7,-13.9,-29.4,-15.5
Choices13k,237,-0.8,-6.9,-6.5,0.4
Jester,57,-0.6,14.4,16.0,1.6
NumberGame,250,-3.0,17.6,22.6,5.0
OSPsychBig5,145,3.0,32.0,27.5,-4.5
LatinoBarometro,261,-2.0,29.9,34.3,4.4
TISP,260,0.4,34.6,34.5,-0.1
ChaosNLI,242,-0.7,39.5,34.7,-4.8
MoralMachineClassic,10,25.7,21.6,35.1,13.5
ConspiracyCorr,15,-14.8,26.2,36.2,10.0
GlobalOpinionQA,252,0.9,42.1,41.7,-0.4
ESS,260,1.1,43.0,44.9,1.9
ISSP,241,1.2,42.9,45.1,2.2
OSPsychRWAS,10,5.5,44.0,45.9,1.9
Afrobarometer,234,1.6,47.1,47.4,0.3
WisdomOfCrowds,79,0.1,52.6,52.7,0.1
OSPsychMGKT,252,-0.9,58.9,61.5,2.6
OpinionQA,248,-0.8,60.5,63.2,2.7
DICES,246,0.0,72.2,75.4,3.2
